feature,spearman_rho_updrs,p_updrs,auc_pd_vs_ctrl,p_pd,median_ctrl,median_pd,median_updrs0,median_updrs1,median_updrs2,median_updrs3,q_updrs,q_pd
speed_mean,-0.7014305756993131,5.630630109964427e-36,0.24595341492301617,1.0498494667861482e-10,4.280107281556694,3.095308742845427,4.966195787235254,3.3239592501564834,2.5536188174972376,1.5715277991194085,2.027026839587194e-34,9.448645201075333e-10
close_speed_mean,-0.6617499607130014,7.462652993203517e-31,0.2214765100671141,1.4202792576355518e-12,12.967450523770898,9.273546248219148,14.050829916267457,10.366183613925575,8.543172838445734,4.5186197754409285,1.343277538776633e-29,5.1130053274879866e-11
open_speed_mean,-0.5960041172582955,6.78956777515979e-24,0.22234504540071062,1.6653649712761023e-12,10.367188333478559,7.824771453771174,11.219018352845666,8.561446801744474,7.351322444612716,4.022384527095461,8.147481330191749e-23,2.997656948296984e-11
vel_peaks_per_tap,0.5755102342121788,4.88050579932966e-22,0.7412159494670352,8.293760686639796e-10,2.05,2.25,2.033333333333333,2.123333333333333,2.2980072463768115,2.848061239900325,4.392455219396694e-21,3.732192308987908e-09
amp_first5,-0.5639216223065637,4.808857723756217e-21,0.25606000789577577,5.554680523309035e-10,1.5468098336543448,1.2410977202434585,1.669536396828732,1.3066189461578268,1.2374789549987704,0.7511199055152666,3.462377561104476e-20,2.8566928405589324e-09
speed_cv,0.5565343819829939,1.9740546005278924e-20,0.729016975917884,5.777596169574715e-09,0.10642483232067684,0.14316453190603776,0.1015311607953613,0.1284519206344446,0.15196186375224413,0.24138829705827275,1.1844327603167355e-19,1.8908496554971794e-08
amp_mean,-0.5536872577905808,3.370519245838125e-20,0.24555862613501778,9.824136746101213e-11,1.4727127571141487,1.1024149763408915,1.541365646068943,1.2027645341976758,1.0800739187037263,0.6536597980462135,1.733409897859607e-19,1.1788964095321455e-09
amp_median,-0.5508024233439637,5.765793776052851e-20,0.2472956968022108,1.3147326808462434e-10,1.4689868057023492,1.130428686260148,1.5207393099762256,1.208596800651597,1.0948970062270147,0.6303202076304315,2.5946071992237833e-19,9.466075302092952e-10
peak_aperture_mean,-0.5329074191614308,1.4391548951445188e-18,0.26348203711014606,1.811940185983835e-09,1.5952995523133002,1.2390482706952743,1.6243617404407553,1.3398759114180736,1.239288059849747,0.7735153977308882,5.756619580578075e-18,7.247760743935339e-09
angle_amp_mean,-0.5295373132857131,2.582746741455747e-18,0.2522700355309909,2.996559419880705e-10,45.99157654534871,33.41422590565709,48.062733353452195,37.392898527818005,30.82214636683557,18.087208783247895,9.297888269240689e-18,1.7979356519284229e-09
amp_max,-0.5122620473597721,4.683213515340561e-17,0.27572048953809714,1.1799796451971117e-08,1.6839335395284625,1.3789232441734178,1.7842127940100152,1.485939280558932,1.3571853233550928,0.94707891688303,1.532688059566002e-16,3.539938935591335e-08
amp_cv,0.4942439886635203,8.114839058247159e-16,0.7347019344650612,2.4070398156474612e-09,0.07409777647819404,0.1190720033233995,0.0756720166237449,0.08832899702749644,0.12766603682953964,0.2074498950025054,2.434451717474148e-15,8.66534333633086e-09
iti_cv,0.48929302923656043,1.7261328407129368e-15,0.604500592183182,0.00789505514654773,0.10919460229282926,0.1477423595881849,0.09470623803820094,0.1172738276135351,0.18086528740865912,0.3052009471591546,4.7800601742819786e-15,0.012919181148896286
halt_time_s,0.40658671649992195,9.940690706836914e-11,0.5667587840505329,0.006882077755167371,0.0,0.0,0.0,0.0,0.0,0.0,2.5561776103294923e-10,0.012387739959301269
n_halts,0.4060438529188904,1.0582500734414776e-10,0.5664034741413344,0.007179898858536394,0.0,0.0,0.0,0.0,0.0,0.0,2.539800176259546e-10,0.012308398043205247
duty_cycle,-0.3942237526839269,4.019847903176453e-10,0.3484011054086064,0.0001160451566493281,0.6243478260869562,0.5904139433551201,0.6291208791208804,0.6011904761904763,0.5762045633085178,0.5165916127216437,9.044657782147019e-10,0.00032135581841352396
iti_mean_s,0.3922129416635418,5.018315840126609e-10,0.6040268456375839,0.008181715551442212,0.6369274074074336,0.7443395555555861,0.5979166666666645,0.7643128888888795,0.8673012458682833,0.7657138128466517,1.0627021779091644e-09,0.01227257332716332
tap_rate_hz,-0.38972920926657956,6.586794828850533e-10,0.3957757599684169,0.00806113085734339,1.5611773844896104,1.3518024032042528,1.6759562764166889,1.3193869047695403,1.155326027338552,1.3070609398769975,1.3173589657701065e-09,0.012617422211494003
n_taps,-0.3846264937076626,1.1435886824181623e-09,0.39218318199763125,0.006103210086668864,31.0,27.0,33.0,26.0,23.25,26.25,2.1667996087923073e-09,0.011563977006319953
hesitation_rate,0.38364708076606796,1.2699571238711964e-09,0.5891827872088433,0.00021657938584693811,0.0,0.0,0.0,0.0,0.0,0.0227184709312921,2.2859228229681536e-09,0.0005197905260326515
n_hesitations,0.3831819387672889,1.334610192025383e-09,0.5884721673904462,0.00024118616871301345,0.0,0.0,0.0,0.0,0.0,1.0,2.287903186329228e-09,0.0005426688796042803
open_close_ratio,-0.38231334504821723,1.4639781500394373e-09,0.3539281484405843,0.0002041709714188398,1.6666666666666643,1.4415584415584435,1.7000000000000086,1.5125,1.3794756778309385,1.0700231481481484,2.3956006091554427e-09,0.0005250110693627309
dom_freq_hz,-0.37530091546092464,3.0594064605822556e-09,0.39834188709040663,0.00968086087359372,1.502002670227068,1.251668891855823,1.752336448598129,1.251668891855823,1.251042848728832,1.375834445927914,4.788636199172226e-09,0.013940439657974956
iti_median_s,0.35963283047467076,1.4922499436246164e-08,0.5956178444532175,0.015067760911616084,0.6322777777777855,0.7323555555555465,0.5991999999999926,0.765644444444435,0.8368166666666528,0.7157111111111119,2.2383749154369243e-08,0.019372835457792108
iti_max_over_median,0.3570111256625416,1.9294259609439184e-08,0.5766679826292933,0.05132604302601084,1.2692307692307692,1.3094086021505378,1.2352941176470589,1.2750000000000006,1.4248099154579583,2.013157894736842,2.7783733837592424e-08,0.0577417984042622
sparc,-0.3406000083469499,9.147843663373098e-08,0.4191867350967233,0.039962285941798556,-7.986808683413473,-8.510769063386878,-7.612900147427366,-8.719602012428314,-9.502086216150332,-8.440973948966436,1.2666245072362752e-07,0.04640781593241123
spectral_peak_ratio,-0.29881803906386767,3.2663883189833912e-06,0.42463482037110145,0.055417354939147206,0.8663884719452066,0.8471732834194458,0.8820452516636546,0.8547567917830403,0.8333509928669358,0.6857375818107686,4.355184425311189e-06,0.0604552962972515
spectral_entropy,0.24907722139348962,0.00011782514781254563,0.5700750098697197,0.0749032090813283,0.44172010437677944,0.4658610244424396,0.4334430455275111,0.4517602329740815,0.4732659041947037,0.5722187297810247,0.00015148947575898723,0.07704330076936626
amp_slope_pct,-0.22980529674495012,0.00039400046886821415,0.374496644295302,0.0014195737120139842,-0.427930123524926,-0.6659362732437224,-0.427930123524926,-0.5239487653380972,-1.093142751469291,-1.024041312955186,0.0004891040303191624,0.003006156096029614
speed_slope_pct,-0.1678260130226609,0.01011821327467794,0.401500197394394,0.012282560441595591,-0.6566465053354045,-0.8623197853390336,-0.6756171707225573,-0.7920999969577134,-1.279236308247281,-0.9490745500718683,0.012141855929613527,0.01637674725546079
min_aperture_mean,0.16099996082415535,0.013672895301971789,0.6238452427951047,0.0016412515225371301,0.0920199678851255,0.11104561951896094,0.09518530198647934,0.10075798177371845,0.10356736499326546,0.15911480640357506,0.015878200995838206,0.0032825030450742603
amp_decrement,-0.13424652021653558,0.04018161262383204,0.40078957757599687,0.011669230503019271,-0.09028888517459674,-0.12846667715039925,-0.0951835502800163,-0.09860372535260856,-0.14504338424019259,-0.1593612396149604,0.04520431420181104,0.016157396081103607
wrist_rms_pl,0.10924759880451923,0.09547235894417859,0.589498618239242,0.02290511165173327,0.15004484040562616,0.16704225301889863,0.1624875323041315,0.1503674661697532,0.20007247615984533,0.15312056013226738,0.10415166430274028,0.02843393170559992
amp_last5_ratio,-0.10833709464051126,0.09828331236557325,0.4158705092775365,0.03247840064259624,0.9011129909976308,0.8562911404185021,0.890099379435831,0.8934495763586461,0.8297763390723841,0.7907112537200656,0.10406468368119522,0.038974080771115485
iti_slope_pct,0.07429317028260855,0.2576570777683597,0.5071456770627715,0.8565904997106999,0.11479871770582609,0.046257398383089454,0.085564916503686,0.0799072227643655,0.0679957992440441,0.25965068370668476,0.2650187085617414,0.8565904997106999
speed_decrement,-0.07323380985200527,0.26452415282267455,0.427003553099092,0.06354612989852505,-0.13892302021609002,-0.1630208194863311,-0.14776657094611662,-0.1497352156410211,-0.169622503390424,-0.17171959691293542,0.26452415282267455,0.06728413753961476
