feature,importance,sd
vel_peaks_per_tap,0.21781399411648658,0.0308855198134581
open_speed_mean,0.03345735090337551,0.008769616505980694
iti_max_over_median,0.03322517589947589,0.011175250674616836
close_speed_mean,0.013367552083709867,0.006846078624730274
speed_cv,0.006451413710951504,0.005128559757235932
amp_slope_pct,0.005503624588247003,0.004493690659013442
iti_cv,0.005044989205893085,0.004563364436547385
min_aperture_mean,0.003222913911124459,0.0060182861152709745
iti_mean_s,0.0032104476764774183,0.00437510270384251
angle_amp_mean,0.0004609482624180261,0.002009226894080843
n_taps,0.0,0.0
tap_rate_hz,0.0,0.0
iti_median_s,0.0,0.0
open_close_ratio,0.0,0.0
amp_mean,0.0,0.0
duty_cycle,0.0,0.0
speed_decrement,0.0,0.0
iti_slope_pct,0.0,0.0
speed_slope_pct,0.0,0.0
speed_mean,0.0,0.0
amp_decrement,0.0,0.0
amp_cv,0.0,0.0
amp_max,0.0,0.0
amp_median,0.0,0.0
peak_aperture_mean,0.0,0.0
n_hesitations,0.0,0.0
amp_last5_ratio,0.0,0.0
amp_first5,0.0,0.0
n_halts,0.0,0.0
hesitation_rate,0.0,0.0
dom_freq_hz,0.0,0.0
halt_time_s,0.0,0.0
spectral_peak_ratio,0.0,0.0
spectral_entropy,0.0,0.0
sparc,0.0,0.0
wrist_rms_pl,0.0,0.0
