ID,clinician,pd,stored_updrs,stored_pd,default_updrs,default_pd,default_sec,fast_updrs,fast_pd,fast_sec
ID992_DCHA,0,1,0,0.71,0,0.71,66.0,0,0.26,37.3
CONTROL110_IZDA,0,0,0,0.19333333333333333,0,0.1933,65.5,1,0.25,38.2
ID993_DCHA,0,1,0,0.9533333333333334,0,0.9533,53.3,0,0.9533,31.1
ID995_IZDA,1,1,1,0.9266666666666666,1,0.9267,65.4,1,0.8567,37.3
ID982_DCHA,1,1,1,0.8533333333333334,1,0.8533,65.6,1,0.8,38.4
ID1002_IZDA,1,1,1,0.8766666666666667,1,0.8767,65.4,1,0.86,37.1
ID106_DCHA,2,1,2,0.9266666666666666,2,0.9267,65.4,2,0.9167,37.4
ID990_IZDA,2,1,2,0.9866666666666667,2,0.9867,65.4,2,0.98,36.7
ID107_DCHA,2,1,2,0.8733333333333333,2,0.8733,65.3,2,0.7833,37.6
ID9993_IZDA,3,1,3,0.9833333333333333,3,0.9833,65.3,3,0.9567,36.6
ID988_DCHA,3,1,3,0.9266666666666666,3,0.9267,65.3,3,0.9267,37.9
ID9992_IZDA,3,1,3,0.9833333333333333,3,0.9833,68.2,3,0.9867,41.7
