featureset,cv,model,n,MCC,MCC_sd,F1,F1_sd,Accuracy,Accuracy_sd,Precision,Precision_sd,Recall,Recall_sd,F1_macro,F1_macro_sd,Balanced_Acc,Balanced_Acc_sd,Sensitivity,Sensitivity_sd,Specificity,Specificity_sd,ROC_AUC,ROC_AUC_sd
kin_fusion,subject,knn,118,0.28802161983155206,0.07039596171825604,0.6694272430424558,0.03440709717358694,0.6694915254237288,0.03555284231085257,0.6703794786410582,0.03244578342394713,0.6694915254237288,0.03555284231085257,0.643464881204125,0.03573889796269984,0.6437519379844961,0.03512760910365036,0.7386666666666667,0.043492017147466915,0.5488372093023256,0.04557190219131496,0.7418914728682171,0.03087652853580227
kin_fusion,subject,logreg,118,0.4161830743484824,0.06780097193327904,0.7208900329731114,0.03328603759783723,0.7169491525423728,0.0341515960671354,0.7314899294874485,0.031272591584760104,0.7169491525423728,0.034151596067135394,0.7045444016112343,0.03452037378650779,0.713829457364341,0.034210615369415505,0.7253333333333333,0.0373333333333333,0.7023255813953488,0.04001081519554709,0.786046511627907,0.015072446885920599
kin_fusion,subject,rf,118,0.4740132288692137,0.035409334631697334,0.7557970725953197,0.017189814056927162,0.7559322033898305,0.018096742800053085,0.7566848592365389,0.01641320795831637,0.7559322033898305,0.018096742800053085,0.7364551292253932,0.017718712276066372,0.7365581395348837,0.017115436447071704,0.808,0.029933259094191526,0.6651162790697673,0.0315457208517454,0.8188527131782944,0.01199386899444554
kin_fusion,subject,svm,118,0.4162885495834871,0.03440538519161873,0.7307584815807159,0.015571611500605556,0.7389830508474576,0.014580212317021404,0.7328364490228155,0.015963577354297494,0.7389830508474576,0.014580212317021404,0.7025644870269898,0.01772383430236735,0.6954418604651162,0.01731626789542405,0.8560000000000001,0.015549205052920819,0.5348837209302326,0.03288868749704873,0.7952868217054264,0.01969849047545511
kin_fusion,subject,xgb,118,0.4945085472996545,0.024524940165269495,0.7668061979294433,0.011241984289991559,0.7694915254237289,0.012455032590422958,0.7667782359135492,0.012081383187522825,0.7694915254237289,0.012455032590422958,0.7458172235851583,0.011222341402219713,0.7412713178294574,0.009517612137970628,0.8453333333333333,0.02472964932132188,0.6372093023255815,0.018604651162790684,0.8185426356589147,0.013175047479579677
kin_mediapipe,subject,knn,118,0.2375060728504515,0.0563145707535988,0.6480473461766537,0.027495483576151634,0.6508474576271186,0.030508474576271188,0.6472921143883605,0.026593545169537245,0.6508474576271186,0.030508474576271188,0.6176415424550875,0.02710070626109553,0.616186046511628,0.025726270525136447,0.744,0.04572380853195265,0.4883720930232558,0.020800632348835266,0.7121240310077519,0.035447624779636186
kin_mediapipe,subject,logreg,118,0.378392674986881,0.0550437287927027,0.7010151250603052,0.025456421483301035,0.6966101694915254,0.025927217865726035,0.7146298174367689,0.026155647342270577,0.6966101694915254,0.025927217865726035,0.6843123106726235,0.02694418229255766,0.6948527131782946,0.028691035713558494,0.7013333333333334,0.03222145592958552,0.6883720930232559,0.05220917283870615,0.7720930232558139,0.013382997463816479
kin_mediapipe,subject,rf,118,0.42892056863014616,0.04756926331781602,0.7360787326675872,0.020984652802520286,0.7372881355932204,0.019325007205070122,0.7356967709648169,0.021797198577853765,0.7372881355932204,0.019325007205070122,0.7140122676741145,0.024265974814512176,0.7129612403100776,0.025898174874133307,0.8026666666666668,0.009977753031397195,0.6232558139534883,0.0517931568635351,0.8001860465116278,0.011404109905337119
kin_mediapipe,subject,svm,118,0.37915836721562207,0.017828615295494385,0.7138447564754449,0.008494066853578496,0.723728813559322,0.006779661016949135,0.7159430784233634,0.007591361449177227,0.723728813559322,0.006779661016949135,0.683080173424736,0.010377951477633925,0.6764961240310078,0.010213560000516046,0.8506666666666668,0.005333333333333368,0.5023255813953489,0.023716369830664108,0.7852403100775194,0.019548758454027863
kin_mediapipe,subject,xgb,118,0.43287533731605377,0.04608891331642855,0.7391828376992949,0.020957471607369875,0.7440677966101694,0.020338983050847484,0.7386731812424248,0.02138553107764997,0.7440677966101694,0.020338983050847484,0.7140677141799855,0.02315284567513332,0.7083720930232558,0.022546708523873298,0.8399999999999999,0.014605934866804442,0.5767441860465117,0.030852323631213038,0.8153178294573644,0.015454930491911783
kin_rtmpose,subject,knn,118,0.35137483460574676,0.0598149324020209,0.6988185332446891,0.027648079090873252,0.6983050847457626,0.02764323123779677,0.6996144223290898,0.027729007530029735,0.6983050847457626,0.02764323123779677,0.6755351264331276,0.029890624153015636,0.6763410852713178,0.030419631903886635,0.7573333333333333,0.022939534045446998,0.5953488372093023,0.043133109281375356,0.770139534883721,0.014781496496077177
kin_rtmpose,subject,logreg,118,0.40635640093443115,0.01593400308847275,0.7146012714065874,0.009298409432244782,0.7101694915254237,0.009882969313297093,0.7274466112454645,0.006986675354469719,0.7101694915254237,0.009882969313297093,0.6987008571905948,0.008904678119072007,0.7094883720930232,0.007642891942698228,0.712,0.018086213288334055,0.7069767441860464,0.011392975547828702,0.7967131782945737,0.011593084809822093
kin_rtmpose,subject,rf,118,0.4690927579934945,0.04496913141954463,0.7531440020260358,0.020036828416052532,0.7525423728813558,0.019620062547102093,0.7542399359759211,0.021025294119657614,0.7525423728813558,0.019620062547102093,0.734280439704157,0.022192802066323566,0.735875968992248,0.023840222914059198,0.7973333333333332,0.013063945294843633,0.6744186046511629,0.0416012646976705,0.837829457364341,0.013717907957777605
kin_rtmpose,subject,svm,118,0.4290900590476553,0.03927387348472753,0.7367674119197247,0.01728441052916445,0.7440677966101695,0.017284811910484036,0.7384257097796996,0.01897589418526907,0.7440677966101695,0.017284811910484036,0.7096954306225074,0.018819397042731452,0.7024186046511629,0.017636188764508388,0.8560000000000001,0.019595917942265423,0.5488372093023257,0.023716369830664122,0.8087441860465117,0.014588018640078533
kin_rtmpose,subject,xgb,118,0.44232581881159544,0.0033372187316419227,0.7431325090674865,0.0012214908916385644,0.7457627118644068,0.0,0.7422161947130419,0.0011320771385411022,0.7457627118644068,0.0,0.7202352044617771,0.0023813468209575766,0.7166511627906976,0.0037126522907524207,0.8240000000000001,0.009977753031397158,0.6093023255813954,0.017403057612902048,0.8223875968992248,0.015308411252668441
kin_vitpose,subject,knn,118,0.24462586392122937,0.037749861744524306,0.6533103587587945,0.017229812135714645,0.6593220338983051,0.01809674280005307,0.6508867632532531,0.017925100053933114,0.6593220338983051,0.01809674280005307,0.6203622272868126,0.018121070145947576,0.6178914728682171,0.01737059687976718,0.7706666666666666,0.022939534045447005,0.4651162790697675,0.02080063234883524,0.6836899224806202,0.01968525855768482
kin_vitpose,subject,logreg,118,0.28279259691071784,0.05370839617711968,0.6541847801363391,0.024334875689508182,0.6491525423728814,0.024910065180845865,0.6702981302511912,0.025859168894407668,0.6491525423728814,0.024910065180845865,0.6355623976901379,0.025772615734885044,0.6456124031007752,0.027966585777976515,0.6586666666666666,0.040966110655299245,0.6325581395348838,0.06309144170349087,0.691906976744186,0.03482633005109549
kin_vitpose,subject,rf,118,0.36566167816431955,0.026625439525538645,0.7074636037531505,0.011755345818701019,0.7101694915254237,0.009882969313297093,0.7066668583168607,0.011767426347294697,0.7101694915254237,0.009882969313297093,0.681794691421041,0.014528108078426971,0.6797209302325581,0.015589037425553131,0.792,0.01808621328833406,0.5674418604651162,0.04313310928137536,0.761860465116279,0.026611083228909527
kin_vitpose,subject,svm,118,0.25075053106198786,0.03556991942786812,0.6446456022889856,0.019498832221150432,0.6796610169491525,0.011242795899509831,0.6670675375918009,0.014954447643452577,0.6796610169491525,0.011242795899509831,0.5942914832711115,0.02563915642832043,0.6001550387596899,0.019138088993771386,0.8933333333333333,0.020655911179772852,0.30697674418604654,0.05384110187344291,0.7234108527131783,0.014674236373598715
kin_vitpose,subject,xgb,118,0.39854638603599934,0.04634014794919109,0.7223981915571855,0.020827309061155323,0.7322033898305085,0.01976593862659424,0.7252660167637879,0.021709598899904446,0.7322033898305085,0.01976593862659424,0.692405592997335,0.023342394747740667,0.6851472868217054,0.022123634443950553,0.8586666666666666,0.01600000000000002,0.5116279069767442,0.032888687497048714,0.7725271317829456,0.029681788915656315
ref_mediapipe,subject,knn,118,0.3701509540966329,0.058693427291465476,0.7105777766385397,0.02670537643593756,0.7169491525423728,0.025480163353174438,0.7098190388222889,0.027097566954479787,0.7169491525423728,0.025480163353174438,0.6820295411320221,0.029872928237368722,0.6771162790697675,0.029090262542596435,0.8239999999999998,0.01959591794226543,0.530232558139535,0.045094696348058884,0.776031007751938,0.010888357854084684
ref_mediapipe,subject,logreg,118,0.4204014759472745,0.032122395611923475,0.7212706793913612,0.013744785109621299,0.7169491525423729,0.013769556618027047,0.7340731735306721,0.015614718907710623,0.7169491525423729,0.013769556618027047,0.7056848214020809,0.015068408566054637,0.7168062015503877,0.01696058839782845,0.7173333333333334,0.009977753031397158,0.7162790697674418,0.030852323631213034,0.7916899224806202,0.02468606568150951
ref_mediapipe,subject,rf,118,0.430750251659653,0.0316419882329551,0.7358463752311614,0.015537046609354805,0.735593220338983,0.016432813075987554,0.7364000367030333,0.01466642611698783,0.735593220338983,0.016432813075987554,0.7152130768451329,0.015817782757385705,0.7155968992248062,0.014401957548440763,0.7893333333333332,0.02293953404544701,0.6418604651162791,0.011392975547828754,0.8043410852713178,0.005269493528371645
ref_mediapipe,subject,svm,118,0.4051976308860038,0.046594560772864085,0.7231926264092573,0.02016725325960576,0.735593220338983,0.020338983050847484,0.7308863732633085,0.02324350660937258,0.735593220338983,0.020338983050847484,0.6917498521902863,0.022162116417527966,0.68384496124031,0.02035356017541385,0.8746666666666666,0.031098410105841582,0.49302325581395345,0.037209302325581374,0.795968992248062,0.009603396630846158
ref_mediapipe,subject,xgb,118,0.4102948030858178,0.02648695054229194,0.7287513463776832,0.011996313512819354,0.7338983050847459,0.011495474547669958,0.728259019286293,0.01222071324992273,0.7338983050847459,0.011495474547669958,0.702625313067976,0.013531457519754727,0.6973953488372093,0.013663621394286143,0.8320000000000001,0.013597385369580769,0.5627906976744186,0.027120706487652572,0.794046511627907,0.006310363210872559
ref_rtmpose,subject,knn,118,0.3269887072630409,0.06416213564175426,0.6905951004864549,0.02847302298101011,0.6983050847457626,0.027118644067796585,0.690184439272433,0.03011337293773757,0.6983050847457626,0.027118644067796585,0.6595301799646587,0.03218368799302601,0.6555038759689923,0.03138744277906183,0.8133333333333332,0.027968235951204054,0.49767441860465117,0.056200213830672426,0.7545426356589148,0.03254003187857957
ref_rtmpose,subject,logreg,118,0.5032497531666337,0.052775955821509006,0.7638521929176967,0.027090198310996953,0.7610169491525424,0.028055839588553986,0.77143907544475,0.02384197742420401,0.7610169491525424,0.028055839588553986,0.7490863511795449,0.027615976710967605,0.7574263565891474,0.025988603031536675,0.7706666666666665,0.03617242657666814,0.7441860465116279,0.025475467790937966,0.828217054263566,0.018656259170842005
ref_rtmpose,subject,rf,118,0.4840622687190046,0.058204213121021336,0.760015605271648,0.027595688153266306,0.759322033898305,0.02815804699294263,0.7611438708300012,0.026937040037889475,0.759322033898305,0.02815804699294263,0.7417971900115392,0.029163540596363505,0.7431937984496125,0.028247296171512448,0.8026666666666665,0.0296947432684268,0.6837209302325581,0.03154572085174539,0.8158139534883719,0.015282764371858335
ref_rtmpose,subject,svm,118,0.36148458075031686,0.04959547144556971,0.7041204945467004,0.02209355726774662,0.7152542372881356,0.021837455469025647,0.7089830447486148,0.024086489502992553,0.7152542372881356,0.021837455469025647,0.672094450105234,0.02519138766656831,0.6668527131782945,0.024115460505046756,0.8453333333333333,0.04182503237695496,0.4883720930232558,0.060643743304210705,0.78784496124031,0.016034815795296413
ref_rtmpose,subject,xgb,118,0.41246494596394145,0.04625892998229752,0.729599530270004,0.02120541114692736,0.7338983050847457,0.021837455469025657,0.7290040112752756,0.021921295010911904,0.7338983050847457,0.021837455469025657,0.70422681934457,0.022464563210372913,0.6993798449612403,0.021033909171048647,0.8266666666666665,0.026666666666666682,0.5720930232558139,0.023716369830664125,0.7962790697674419,0.015162758992373479
