featureset,cv,model,n,MCC,MCC_sd,F1,F1_sd,Accuracy,Accuracy_sd,Precision,Precision_sd,Recall,Recall_sd,F1_macro,F1_macro_sd,Balanced_Acc,Balanced_Acc_sd,A_AC,A_AC_sd,QWK,QWK_sd,MAE,MAE_sd,ROC_AUC,ROC_AUC_sd
kin_fusion,loo,knn,234,0.4070165584489084,,0.5916321079236766,,0.6068376068376068,,0.615007487763898,,0.6068376068376068,,0.554738910059526,,0.5248948399430238,,0.9529914529914529,,0.6392742796157951,,0.4444444444444444,,0.8011054621462533,
kin_fusion,loo,logreg,234,0.4875491025060587,,0.6450687565104236,,0.6452991452991453,,0.6465910515632994,,0.6452991452991453,,0.6212629111407794,,0.6184411400312068,,0.9700854700854701,,0.752698006219133,,0.38461538461538464,,0.8075069487773049,
kin_fusion,loo,ordinal_rf,234,0.49338344810611867,,0.6582806702858339,,0.6538461538461539,,0.6741577001352675,,0.6538461538461539,,0.6322270385775595,,0.6104262675797145,,0.9957264957264957,,0.7817697346508271,,0.3504273504273504,,0.8478422965987059,
kin_fusion,loo,rf,234,0.5077572117064035,,0.6584561809449366,,0.6623931623931624,,0.6564373729386136,,0.6623931623931624,,0.6292655985890354,,0.6305613297829754,,0.9743589743589743,,0.7714429563991542,,0.36324786324786323,,0.8522888330665378,
kin_fusion,loo,svm,234,0.49456686860374455,,0.6512996881705799,,0.6581196581196581,,0.6546173501864928,,0.6581196581196581,,0.6286392885218717,,0.6149279330339374,,0.9658119658119658,,0.7364008578670307,,0.37606837606837606,,0.8363236568351665,
kin_fusion,loo,xgb,234,0.5058776887666031,,0.6568730824227595,,0.6666666666666666,,0.6571434419135567,,0.6666666666666666,,0.6257877808595276,,0.6107775450807326,,0.9829059829059829,,0.7720433831965883,,0.3504273504273504,,0.8477948386655136,
kin_fusion,subject,knn,234,0.381057233358279,0.02916782078035678,0.5703711143852145,0.020482221688219036,0.5905982905982906,0.017599367762370952,0.6002766496206821,0.01773738197157292,0.5905982905982906,0.017599367762370952,0.5262083289397603,0.03443461786699153,0.5028971502099745,0.02855785917005851,0.9427350427350427,0.013939749085726585,0.6206191347754471,0.04301279505010611,0.4675213675213675,0.02683815122753432,0.7736912209398341,0.013113728680811504
kin_fusion,subject,logreg,234,0.47688880450547383,0.02586388918535095,0.6396371318791942,0.01820998655059443,0.6452991452991453,0.017306373274629548,0.6399186557551132,0.019381096367100475,0.6452991452991453,0.017306373274629548,0.6247503862217044,0.02728931703276429,0.6128172009194989,0.02660042209985966,0.9632478632478632,0.008799683881185464,0.7305322842483862,0.02053077945777544,0.39145299145299145,0.01903509183873511,0.81996844337175,0.00997999524735065
kin_fusion,subject,ordinal_rf,234,0.47187358069580715,0.021517029909677604,0.6416758064686456,0.014788437879196469,0.6384615384615384,0.013939749085726566,0.6642743388337781,0.010352668938646377,0.6384615384615384,0.013939749085726566,0.6053663551160937,0.02200206795873232,0.5853320223965146,0.022758955816652205,0.9957264957264957,0.0,0.7678392585801707,0.013738420220947614,0.36581196581196584,0.01393974908572658,0.8488765035653169,0.00868667589423496
kin_fusion,subject,rf,234,0.4927727813089137,0.017102189909817263,0.6494078050143566,0.011756525683428236,0.6547008547008547,0.01094551151697919,0.648710404604717,0.012321132440639872,0.6547008547008547,0.01094551151697919,0.6197646378881041,0.020800265538991496,0.6120585883929102,0.022183892700053217,0.9683760683760683,0.006943622568064898,0.748907513344197,0.020514815874573725,0.3769230769230769,0.017179274566018626,0.845779136617662,0.012763076329618674
kin_fusion,subject,svm,234,0.4933232929901659,0.032810085278001486,0.6516266143211602,0.021553211400224443,0.6555555555555556,0.02104022841895927,0.6543870437040613,0.020485026740516197,0.6555555555555556,0.02104022841895927,0.6339402237887031,0.018660105535740594,0.6198810249959249,0.02006014274452284,0.9726495726495725,0.0034188034188034067,0.7518105985481458,0.012495969856024022,0.37179487179487175,0.020044511794117214,0.8326303897062509,0.010019361608202207
kin_fusion,subject,xgb,234,0.4600618529172397,0.012786892150357946,0.6282282672124109,0.007969746278695159,0.6358974358974359,0.008716272672808197,0.6304959244476834,0.008281785991184265,0.6358974358974359,0.008716272672808197,0.5959968481225495,0.011634734500524213,0.5799036870386018,0.012707655390948817,0.9777777777777779,0.007352414758156093,0.743072444896085,0.015166983895045266,0.38632478632478634,0.011012050193782154,0.8281401713401684,0.010832337920113514
kin_mediapipe,loo,knn,234,0.39734446596484013,,0.5768234031518491,,0.6025641025641025,,0.6232634899396102,,0.6025641025641025,,0.5191251111500542,,0.49593060962593943,,0.9358974358974359,,0.6060317692701852,,0.46153846153846156,,0.7723668452068949,
kin_mediapipe,loo,logreg,234,0.49501535533805485,,0.6530293094246097,,0.6581196581196581,,0.6542543198115953,,0.6581196581196581,,0.6058417232621042,,0.5905722849755466,,0.9700854700854701,,0.7425770613222961,,0.3717948717948718,,0.8365300351068756,
kin_mediapipe,loo,ordinal_rf,234,0.4560816808138137,,0.6335615491884331,,0.6282051282051282,,0.6609924026590693,,0.6282051282051282,,0.6040125633696944,,0.5780580510009716,,0.9957264957264957,,0.7594956946760157,,0.37606837606837606,,0.8410776262065055,
kin_mediapipe,loo,rf,234,0.4790249924128255,,0.6381971640193491,,0.6452991452991453,,0.6357699462722294,,0.6452991452991453,,0.6136636008918618,,0.6103611815250065,,0.9743589743589743,,0.7572265023112481,,0.3803418803418803,,0.8491973395658966,
kin_mediapipe,loo,svm,234,0.5288075800438213,,0.6755433455433456,,0.6752136752136753,,0.6760243471392847,,0.6752136752136753,,0.6573626373626373,,0.6564138131039539,,0.9658119658119658,,0.7622386148875205,,0.358974358974359,,0.8378468111635337,
kin_mediapipe,loo,xgb,234,0.49211625279141674,,0.6451350427288,,0.6581196581196581,,0.6486047478563515,,0.6581196581196581,,0.6123234919782776,,0.5986857224811265,,0.9700854700854701,,0.7421164044257251,,0.3717948717948718,,0.826473783688459,
kin_mediapipe,subject,knn,234,0.34896338483339623,0.019162822778676536,0.5450500915445551,0.010730887686192434,0.5700854700854701,0.013130163671570256,0.5746671553772063,0.019869385347870954,0.5700854700854701,0.013130163671570256,0.4889335658381616,0.01357350189461601,0.4720972339578715,0.011730926075130339,0.9367521367521368,0.004983719568243829,0.5945132825949976,0.014568695960836523,0.49401709401709404,0.01543202571390408,0.7527498517147583,0.005306758369567793
kin_mediapipe,subject,logreg,234,0.4735256606536857,0.02487414071650951,0.6346274056980121,0.018533966744546687,0.6393162393162394,0.02121311734357412,0.63651401613149,0.01940395850598478,0.6393162393162394,0.02121311734357412,0.6187850868985035,0.016246295379309054,0.6127282547779211,0.01365358086121424,0.964102564102564,0.01101205019378215,0.7347167283681058,0.021065425831929108,0.3965811965811966,0.03086405142780819,0.8157852208864778,0.008705346016441537
kin_mediapipe,subject,ordinal_rf,234,0.45320179911834185,0.027433884836828504,0.6293702699657147,0.018632795046350063,0.6264957264957265,0.016792207439648293,0.6570402760570089,0.016184862830408268,0.6264957264957265,0.016792207439648293,0.5888508605136191,0.02644362062844651,0.5667234153705614,0.02821726590614683,0.9931623931623932,0.0034188034188034067,0.7514033673495473,0.013543707432069903,0.3803418803418803,0.015289353692306254,0.8380645611564003,0.00616268917847205
kin_mediapipe,subject,rf,234,0.4687540278070408,0.027747348239757226,0.6322138397803734,0.019704805862758454,0.6384615384615384,0.018050181266617827,0.6303261607776758,0.020117412101626597,0.6384615384615384,0.018050181266617827,0.6054285092809838,0.02458655296812946,0.6000456610352829,0.02367658129706621,0.97008547008547,0.010811205675789338,0.7446522891385963,0.027598622326951525,0.39145299145299145,0.027510216990480476,0.8340306340644972,0.0094957930698607
kin_mediapipe,subject,svm,234,0.46218488256454293,0.01863657926772252,0.6289967462935533,0.009877576083359646,0.6324786324786325,0.011781238249649769,0.6308869130330932,0.008599015547312747,0.6324786324786325,0.011781238249649769,0.6108156005207166,0.009377708565654506,0.6023889317996064,0.01692762910338932,0.9615384615384615,0.006043647702449134,0.7237714176257128,0.016068196830102438,0.40598290598290604,0.008964178189488475,0.8244393558913454,0.008589949720544178
kin_mediapipe,subject,xgb,234,0.4708722131666154,0.026219147814152917,0.6325756251841981,0.017030195386365833,0.6444444444444444,0.01585233930853966,0.6393131927302101,0.012117176466149345,0.6444444444444444,0.01585233930853966,0.5989136720506284,0.01866165943466148,0.5823087607557585,0.02473554623989454,0.964102564102564,0.008374323906951036,0.7210817944086589,0.02406046741812789,0.39145299145299145,0.017640826872265206,0.8140352668221553,0.008446136501180554
kin_rtmpose,loo,knn,234,0.45435717913888024,,0.6210629087732886,,0.6324786324786325,,0.6191003148897886,,0.6324786324786325,,0.5866558626459305,,0.5733862546316215,,0.9658119658119658,,0.7085833098698318,,0.405982905982906,,0.8010007319285573,
kin_rtmpose,loo,logreg,234,0.5085912977760528,,0.6606221898165026,,0.6666666666666666,,0.6608485393207616,,0.6666666666666666,,0.6448661638074895,,0.6341312710845698,,0.9700854700854701,,0.7563679195675495,,0.36324786324786323,,0.836750262069183,
kin_rtmpose,loo,ordinal_rf,234,0.5515381914628984,,0.6970380602276608,,0.6923076923076923,,0.7128423084707237,,0.6923076923076923,,0.678539516919352,,0.6584502002404152,,0.9957264957264957,,0.8065774682037604,,0.31196581196581197,,0.8642200705711731,
kin_rtmpose,loo,rf,234,0.5176258781804567,,0.6690616459814255,,0.6709401709401709,,0.669346756303278,,0.6709401709401709,,0.6510438962276072,,0.6417274760491958,,0.9829059829059829,,0.7824233686453959,,0.34615384615384615,,0.8680419243463965,
kin_rtmpose,loo,svm,234,0.5334052993735517,,0.6747554615286995,,0.6837606837606838,,0.6769484085547434,,0.6837606837606838,,0.6496221112926232,,0.6401785863424114,,0.9700854700854701,,0.7648664085803135,,0.34615384615384615,,0.834856515862737,
kin_rtmpose,loo,xgb,234,0.4763377061650354,,0.6377180102304838,,0.6452991452991453,,0.6353033076965359,,0.6452991452991453,,0.6084389888943424,,0.5991959712308119,,0.9829059829059829,,0.7638874137015401,,0.3717948717948718,,0.8260760076499382,
kin_rtmpose,subject,knn,234,0.39434879828265756,0.0320588818032088,0.5827041097751108,0.022261729494876273,0.5957264957264957,0.02104022841895929,0.5984523743252597,0.02618711420389002,0.5957264957264957,0.02104022841895929,0.5506296220163241,0.026179502323415163,0.5273817752135024,0.02405365846432415,0.9547008547008546,0.008799683881185485,0.6620981440620877,0.031382265042585025,0.45042735042735044,0.024712533837266598,0.7799005293899326,0.006419733330701434
kin_rtmpose,subject,logreg,234,0.42299624884405135,0.0246360636378634,0.6028920094118964,0.015921620135157456,0.6051282051282051,0.016126463473601017,0.6026812672702255,0.015476213167561554,0.6051282051282051,0.016126463473601017,0.5944901214411076,0.02322164938203706,0.5893449232589336,0.024244970480652335,0.9606837606837606,0.009125707907719084,0.7105939812367768,0.022114305958066568,0.43418803418803426,0.021384608552473174,0.7958103449764498,0.011281095797897257
kin_rtmpose,subject,ordinal_rf,234,0.5149524075436297,0.01475408652916234,0.6712853936368671,0.010519251095351642,0.6683760683760683,0.00959399329942038,0.6916039059028174,0.008553257523531699,0.6683760683760683,0.00959399329942038,0.6393818427919301,0.017281572414458275,0.6171921213618768,0.017710010226222324,0.9957264957264957,0.0,0.7862433698902513,0.008653523196120038,0.3358974358974359,0.009593993299420355,0.8561057258773921,0.005315910359556225
kin_rtmpose,subject,rf,234,0.4890491976039141,0.01842883690663603,0.6482728192137331,0.012640426311176962,0.6504273504273503,0.01307440900921226,0.6480596762337625,0.012854707698470259,0.6504273504273503,0.01307440900921226,0.6254760609785925,0.01775555252626095,0.6198945029930946,0.019936982818719622,0.9820512820512819,0.00418716195347553,0.7719121896965138,0.012159688573440164,0.36752136752136755,0.016440499198009693,0.8493650141196948,0.0074156824242787266
kin_rtmpose,subject,svm,234,0.4871940480969565,0.0149195167167579,0.645341713376107,0.011436151083592123,0.6478632478632479,0.013130163671570261,0.6480586376895282,0.012666523599100024,0.6478632478632479,0.013130163671570261,0.6336296226826394,0.007835865380862502,0.6266742955586544,0.006737434718303975,0.9743589743589742,0.004681389380386019,0.7573262908279101,0.006675998094308605,0.37777777777777777,0.016351390145050427,0.8295704794838391,0.010804055208938314
kin_rtmpose,subject,xgb,234,0.451850159982054,0.012122065114158174,0.6241310427621289,0.00974546439618602,0.6316239316239316,0.006837606837606844,0.6321151457401897,0.008548147615730405,0.6316239316239316,0.006837606837606844,0.5967476431147084,0.01803937735135184,0.574964533860012,0.019513395683112524,0.9692307692307693,0.009517545919367567,0.7185770208083456,0.023309849000930586,0.39914529914529917,0.013405459095177888,0.8030720802653691,0.0049616911874791995
kin_vitpose,loo,knn,234,0.24665338904468714,,0.47939389970041313,,0.5128205128205128,,0.523190016940017,,0.5128205128205128,,0.43041494123869606,,0.4167755994108848,,0.9102564102564102,,0.48062598751034535,,0.5769230769230769,,0.6887588873317954,
kin_vitpose,loo,logreg,234,0.1806740811101274,,0.44492454153285343,,0.45726495726495725,,0.4452474014164023,,0.45726495726495725,,0.3950670891859045,,0.3860092629551488,,0.905982905982906,,0.45718203633870413,,0.6452991452991453,,0.6598593104330125,
kin_vitpose,loo,ordinal_rf,234,0.3647295018042254,,0.5671196236846022,,0.5641025641025641,,0.6158008387540551,,0.5641025641025641,,0.5547692205240902,,0.534316982334032,,0.9871794871794872,,0.6911754214919269,,0.44871794871794873,,0.8036759713570336,
kin_vitpose,loo,rf,234,0.2986881165063316,,0.506647511316475,,0.5128205128205128,,0.5041950771634394,,0.5128205128205128,,0.5011674898708364,,0.5149592808970126,,0.9487179487179487,,0.6646090928201502,,0.5384615384615384,,0.7610695867998465,
kin_vitpose,loo,svm,234,0.22890784629378172,,0.47153080910962375,,0.4829059829059829,,0.4700942429387529,,0.4829059829059829,,0.44772663584138994,,0.44977444514138365,,0.9358974358974359,,0.5686194182712003,,0.5854700854700855,,0.7456899287572917,
kin_vitpose,loo,xgb,234,0.35613106540128836,,0.5610365113534901,,0.5641025641025641,,0.5637211926759945,,0.5641025641025641,,0.5385422565835682,,0.5270985500785352,,0.9658119658119658,,0.6833286791399051,,0.4700854700854701,,0.7966367060913194,
kin_vitpose,subject,knn,234,0.23260623660963411,0.05914081448462966,0.47871275930020285,0.0363205215331164,0.4982905982905983,0.036522838665335886,0.49684468513386226,0.03917133462269568,0.4982905982905983,0.036522838665335886,0.4337973708979471,0.042140844000268365,0.4159073341615966,0.03745666690392118,0.9085470085470085,0.00920540992672565,0.4794080178209,0.04670888304093815,0.5948717948717949,0.043948581648486994,0.6896180465950574,0.02433585540008585
kin_vitpose,subject,logreg,234,0.26523867701531667,0.04541073310764316,0.4793334599502012,0.02219058815750567,0.4820512820512821,0.023469282423497422,0.48443164009557355,0.02953647837786739,0.4820512820512821,0.023469282423497422,0.47478382368754557,0.029508439936772643,0.4899274146494309,0.04016968268861717,0.9136752136752136,0.011274278596814458,0.5575757915930203,0.025781470989879145,0.617948717948718,0.026838151227534312,0.7078810677361487,0.021812488004110772
kin_vitpose,subject,ordinal_rf,234,0.3433884721139475,0.014906593847803967,0.552806486770311,0.008902960171971935,0.5470085470085471,0.008964178189488484,0.5954967262965359,0.015005619919763775,0.5470085470085471,0.008964178189488484,0.5239138997769782,0.00977510832287684,0.5063168608016644,0.013645594404945189,0.9863247863247864,0.0073524147581561115,0.6865123611457775,0.010062304797797246,0.4666666666666667,0.01060655867178706,0.7807673331291091,0.005229166305322451
kin_vitpose,subject,rf,234,0.3521806481121972,0.01882775475598045,0.5488744966093297,0.01308280999970551,0.5538461538461539,0.012848971263566584,0.5479907592839469,0.014231992977365968,0.5538461538461539,0.012848971263566584,0.5328573112010062,0.01699753771125306,0.5398120596971597,0.017749876062255376,0.9418803418803419,0.009593993299420364,0.652571723391935,0.027152283208480826,0.5094017094017095,0.02408376547624851,0.7708871360519431,0.0064398977538850785
kin_vitpose,subject,svm,234,0.2873021412034522,0.055132114144011535,0.5043419535851175,0.02939990483246867,0.5076923076923078,0.028654794212376433,0.5086286236216349,0.034990376330088335,0.5076923076923078,0.028654794212376433,0.4932879441278376,0.04069886248966134,0.4967839857202348,0.05496054705361289,0.9264957264957265,0.012503195588314359,0.5790370984739518,0.05096437902194163,0.5735042735042735,0.03948310927333709,0.7351587661950816,0.009107032027262667
kin_vitpose,subject,xgb,234,0.3638647549563654,0.03530017508982758,0.563921870126252,0.02365786355595428,0.5726495726495726,0.022613259068928148,0.566440616925132,0.023630731504576355,0.5726495726495726,0.022613259068928148,0.5324776638402111,0.024031926881919748,0.520152370485951,0.02394682804064547,0.9495726495726495,0.014403674825942481,0.6546986975662263,0.037423059420173835,0.47777777777777775,0.031796709808099614,0.7632282546251401,0.011638341008147934
ref_mediapipe,loo,knn,234,0.3979733854735728,,0.5799744296706241,,0.6025641025641025,,0.6117141847068854,,0.6025641025641025,,0.532175585775085,,0.5051101192687553,,0.9487179487179487,,0.6298648748068765,,0.44871794871794873,,0.7349105904641096,
ref_mediapipe,loo,logreg,234,0.4672355002295527,,0.63154160265768,,0.6410256410256411,,0.6310173552007061,,0.6410256410256411,,0.6029420064111246,,0.5875186402428805,,0.9658119658119658,,0.725286431723808,,0.39316239316239315,,0.8107356878428982,
ref_mediapipe,loo,ordinal_rf,234,0.4842116190541782,,0.6513424992084328,,0.6410256410256411,,0.7018245511604145,,0.6410256410256411,,0.6107308071172958,,0.5885940001025249,,0.9700854700854701,,0.7178002894356006,,0.3888888888888889,,0.829860767401452,
ref_mediapipe,loo,rf,234,0.4992220889219637,,0.6529277485799225,,0.6581196581196581,,0.6497724393937577,,0.6581196581196581,,0.6193037638689812,,0.6178453578379449,,0.9700854700854701,,0.756466005811677,,0.3717948717948718,,0.8146236879875557,
ref_mediapipe,loo,svm,234,0.38681430803556005,,0.5598591872670023,,0.594017094017094,,0.5478027227297182,,0.594017094017094,,0.4827226983253401,,0.4827787627083402,,0.9401709401709402,,0.620048830208358,,0.4658119658119658,,0.7963744837842196,
ref_mediapipe,loo,xgb,234,0.492124390839134,,0.6282693185709124,,0.6581196581196581,,0.6197598512710566,,0.6581196581196581,,0.5718934065812354,,0.5783470503633588,,0.9572649572649573,,0.7204301075268817,,0.38461538461538464,,0.7997509614678445,
ref_mediapipe,subject,knn,234,0.3669411006008715,0.04201577742218902,0.5564405487579521,0.028012168310087293,0.5829059829059828,0.026288130767914007,0.5802411559080525,0.027308319790182247,0.5829059829059828,0.026288130767914007,0.5007491644096799,0.033864022597495616,0.4823360911389081,0.029745983775677276,0.9435897435897436,0.013887245136129834,0.6111895934462686,0.04613374235683147,0.47350427350427343,0.03816600608848906,0.7299652718260252,0.009666865534251664
ref_mediapipe,subject,logreg,234,0.4196378511724378,0.03106622641720921,0.5947662665801532,0.021342409878445382,0.6085470085470086,0.02172352996092106,0.5939767445914574,0.024247932567457393,0.6085470085470086,0.02172352996092106,0.5590069619950403,0.022540564437332773,0.5507378915458974,0.021803966813948663,0.9521367521367521,0.006280742930213309,0.6838331712259307,0.02291221206054927,0.43931623931623937,0.023931623931623923,0.788959462958242,0.01689622514618649
ref_mediapipe,subject,ordinal_rf,234,0.4582451036514105,0.02428509422310073,0.6324257061669182,0.018392133959813074,0.6273504273504273,0.016748647813902076,0.6824955812668524,0.01732420344383983,0.6273504273504273,0.016748647813902076,0.5833573626938864,0.027918272159125557,0.5617250367621012,0.02335948699093782,0.9820512820512821,0.003197997766473478,0.7243296083993864,0.01586861288131617,0.3905982905982906,0.01805018126661784,0.8210390534747869,0.004106988420249642
ref_mediapipe,subject,rf,234,0.463260118569809,0.02081503768587412,0.6258803331953711,0.013924705563372062,0.6367521367521367,0.012677262371103705,0.6255351389904383,0.01143450051537995,0.6367521367521367,0.012677262371103705,0.584619613020009,0.018297480032757513,0.5813844379819176,0.02212116322526611,0.9572649572649572,0.010112956894187388,0.7145727750228472,0.030941121312762804,0.405982905982906,0.02179068168202045,0.8089777801011622,0.006683109251936823
ref_mediapipe,subject,svm,234,0.3982810825007925,0.02300874233957806,0.5775756301305314,0.018021007503990508,0.5957264957264957,0.01941507126769324,0.5818397514672586,0.011879527492079111,0.5957264957264957,0.01941507126769324,0.5294989554224883,0.025705731825756344,0.5200960969678539,0.02589314276530995,0.9529914529914529,0.015289353692306244,0.6617474163130914,0.04979153165376242,0.4512820512820513,0.024265076182185277,0.7897432080692379,0.008433174249095926
ref_mediapipe,subject,xgb,234,0.4431825183701109,0.020173301138178938,0.6098725663221647,0.01624010224647688,0.6256410256410256,0.012267265037955003,0.606729610541714,0.018986391547396834,0.6256410256410256,0.012267265037955003,0.560869952317336,0.027411263987190772,0.5545314293646392,0.025419661472592937,0.9521367521367521,0.011274278596814465,0.6923870632798452,0.03148097796951767,0.4222222222222222,0.022677776344310417,0.784926131352184,0.004818675859018317
ref_rtmpose,loo,knn,234,0.3889028198841266,,0.5567097873744042,,0.594017094017094,,0.5381533281533282,,0.594017094017094,,0.48824818157244837,,0.4959143381122625,,0.9401709401709402,,0.6276474147784576,,0.4700854700854701,,0.7735524964572714,
ref_rtmpose,loo,logreg,234,0.46451113885489104,,0.6262882151079662,,0.6367521367521367,,0.6224571298907582,,0.6367521367521367,,0.5746015325501475,,0.5728750699099106,,0.9658119658119658,,0.722535416363296,,0.4017094017094017,,0.8214969694030554,
ref_rtmpose,loo,ordinal_rf,234,0.4809096976944789,,0.6478820099068163,,0.6367521367521367,,0.6836654229843084,,0.6367521367521367,,0.6250750664299211,,0.6094712881221406,,0.9786324786324786,,0.7400173321778548,,0.38461538461538464,,0.829463145191963,
ref_rtmpose,loo,rf,234,0.4543215019689033,,0.6145823350542043,,0.6324786324786325,,0.6155661402039594,,0.6324786324786325,,0.5675691580047297,,0.5633359310156938,,0.9743589743589743,,0.7325537947556982,,0.39316239316239315,,0.8349339761069051,
ref_rtmpose,loo,svm,234,0.3705865706166525,,0.5633678769917785,,0.5769230769230769,,0.5560364979684167,,0.5769230769230769,,0.5101147367546508,,0.504047287034685,,0.9444444444444444,,0.6351802184862956,,0.4829059829059829,,0.8090744597918447,
ref_rtmpose,loo,xgb,234,0.49135051321304624,,0.6387466173523126,,0.6581196581196581,,0.6506645340776667,,0.6581196581196581,,0.6026282003195854,,0.5905783327947894,,0.9572649572649573,,0.714627818798643,,0.38461538461538464,,0.8146746126951208,
ref_rtmpose,subject,knn,234,0.31984903938582177,0.011008241819327266,0.5219731590697295,0.0075275069478560825,0.5504273504273505,0.006280742930213282,0.5168203492001708,0.017106574638119976,0.5504273504273505,0.006280742930213282,0.4624352585729472,0.014548670925198117,0.46013944255234096,0.01214901650636466,0.9188034188034188,0.013781637176578711,0.5514379282258962,0.036851973524893875,0.5350427350427351,0.01608110061728784,0.7359119830267169,0.010403135205822884
ref_rtmpose,subject,logreg,234,0.39561260600831505,0.024262536131930783,0.5823226570219528,0.015280384854309971,0.5871794871794872,0.016792207439648314,0.5807375619213239,0.01427272638331286,0.5871794871794872,0.016792207439648314,0.5413816370804548,0.02070763637305458,0.53836454296054,0.020687523962140925,0.9495726495726495,0.006280742930213282,0.6684887037578331,0.023117778886951403,0.4675213675213675,0.019787755389385004,0.793973851601509,0.007485173346447101
ref_rtmpose,subject,ordinal_rf,234,0.43996584686389156,0.014309568545096022,0.6198948785928062,0.007987507719664715,0.6111111111111112,0.008964178189488496,0.664485920965637,0.013420535829116467,0.6111111111111112,0.008964178189488496,0.5874602708586361,0.011422322740131465,0.5682044687048393,0.012340910954416851,0.9846153846153847,0.002093580976737806,0.7262242677521401,0.008779354735820484,0.4042735042735043,0.011012050193782168,0.81190148392299,0.011070155976583312
ref_rtmpose,subject,rf,234,0.4147309454216839,0.036337020985046764,0.5934892799513075,0.02551617157479847,0.6034188034188035,0.022516136533879506,0.5909662162319778,0.02588779991754562,0.6034188034188035,0.022516136533879506,0.5580371664868895,0.03122234501511981,0.5570783676417479,0.0339433473252666,0.958119658119658,0.004983719568243875,0.6996278266723904,0.025452896024371258,0.4384615384615385,0.02515203242660199,0.8035563061009888,0.009643106204533243
ref_rtmpose,subject,svm,234,0.3666769509247075,0.035798575421515724,0.5611462681573037,0.023649470983523227,0.5726495726495727,0.021452821193181437,0.5617183477451982,0.022261432073036155,0.5726495726495727,0.021452821193181437,0.5136707821463076,0.028201384049869157,0.5066717381950889,0.030339250456941552,0.9307692307692308,0.015145337732196009,0.6109766288128663,0.05935083096229672,0.49914529914529915,0.03444349005061519,0.791279519743605,0.011240637686583886
ref_rtmpose,subject,xgb,234,0.41957762057950737,0.016736137313720367,0.5970746282793316,0.012534639366064516,0.6111111111111112,0.010467904883688803,0.6019160562141581,0.012830380603459927,0.6111111111111112,0.010467904883688803,0.552900286349868,0.019479228645807076,0.5405623636720744,0.02001007686710115,0.9512820512820512,0.009593993299420376,0.674343043029366,0.025126287929964783,0.43760683760683766,0.014454303013066473,0.7845623646051092,0.0060389252279202076
