ID,r_mediapipe_rtmpose,mad_mediapipe_rtmpose,r_mediapipe_vitpose,mad_mediapipe_vitpose,r_rtmpose_vitpose,mad_rtmpose_vitpose
CONTROL01_DCHA,0.9881977400013771,0.21710260053455488,0.9625931955045879,0.3098375690497561,0.9594950407669685,0.09986243441334486
CONTROL01_IZDA,0.9874708797511873,0.21829225807526195,0.891855070225668,0.13405049138814007,0.8880976104033276,0.11220423587372574
CONTROL02_DCHA,0.9975081670218977,0.07313849383775675,0.997026643116025,0.024763494536740198,0.9945445537917078,0.09745466622807696
CONTROL02_IZDA,0.9936144247590208,0.09145746938149124,0.9636103939736065,0.030537403149765996,0.9637135079387305,0.09260651696358135
CONTROL03_DCHA,0.9030323719450214,0.1754955716869645,0.10699240152582946,0.41338505230452716,0.15413701477820824,0.34220136254481875
CONTROL03_IZDA,0.9981220317987884,0.09586982706205838,0.932469003565571,0.06707998662234008,0.936369002828071,0.1420803400177746
CONTROL04_DCHA,0.9954085491708912,0.09279412921307847,0.995458863169786,0.04629237214101743,0.9949820844017099,0.12779855815208196
CONTROL04_IZDA,0.9520691844476099,0.04697482800774966,0.7021457995237098,0.1822162413995957,0.7024055752073765,0.17988225897375443
CONTROL05_DCHA,0.9972029789585568,0.11070248445895858,0.9900146325585973,0.0795343973391982,0.9914777156112363,0.05391077835998104
CONTROL05_IZDA,0.9922599185033812,0.19521687394762138,0.6116845220860856,0.16111149217634402,0.5818076986606463,0.2479512775878412
CONTROL06_DCHA,0.994993807928905,0.050513322632805835,0.7035836295628884,0.14107634476347608,0.7184477662972764,0.1235224333305043
CONTROL06_IZDA,0.9946640274332407,0.03575369120305148,0.9428110419793905,0.07818628081524037,0.9444880037460145,0.06514514776670755
CONTROL07_DCHA,0.9927263930664786,0.16927857462191465,0.867019749090591,0.30368584442891344,0.877046726588658,0.12734918810557191
CONTROL07_IZDA,0.995816901762003,0.08264985920860846,0.9731765531740008,0.05247068854950321,0.9720210897399123,0.10473281509829424
CONTROL08_DCHA,0.9957477217986898,0.17449492567156133,0.4809701274278774,0.22745463069732041,0.4782859695344985,0.1085219757618614
CONTROL08_IZDA,0.9921696780371494,0.10786372566137986,0.8793487148254745,0.07007520870306641,0.8630228640572702,0.05726622778254237
CONTROL09_DCHA,0.9922211750397666,0.15596791962299483,0.22985270708595473,0.26380630261022264,0.28229641817520684,0.3582272528585341
CONTROL09_IZDA,0.9968909057753965,0.13457216676226058,0.8869895535000969,0.0886391021856516,0.8860571363203099,0.18315429563622598
CONTROL1000_DCHA,0.9545718783941048,0.09551472168864114,0.8945586264582551,0.07137506672879468,0.8890207424675861,0.11989729262250765
CONTROL1000_IZDA,0.9940320787793385,0.1826391956687679,0.9924584179599618,0.07351612003723362,0.9924530705989467,0.2768414226989473
CONTROL1001_DCHA,0.995849459615023,0.047451334041749726,0.9964393441017256,0.04036800365787685,0.9954475320458287,0.07324318893913456
CONTROL1001_IZDA,0.9879352614500125,0.12882065861348413,0.2971928089963242,0.17727283241920794,0.27843296281499724,0.17744125501911112
CONTROL1002_DCHA,0.9973236146927267,0.04715270165467461,0.9917193845886565,0.02665574655690628,0.9916323320079959,0.07257212121911533
CONTROL1002_IZDA,0.9978786573879663,0.1011420549419475,0.9948850151606902,0.0355808647462168,0.9936214369429098,0.11526244351391435
CONTROL101_DCHA,0.998352227922961,0.05785409494295779,0.962375848773386,0.05357377023750176,0.964499397471699,0.03783907478052034
CONTROL101_IZDA,0.9972826403201039,0.11563288511448078,0.9963424762222586,0.0641126102057249,0.9966705941841476,0.061320857639984266
CONTROL102_DCHA,0.9944829150193804,0.2572588379055077,0.9629050649037778,0.1552176099904996,0.9775015729698895,0.08741150872305808
CONTROL102_IZDA,0.9918070094248116,0.2592460647361369,0.7634898463616048,0.14860204323317716,0.7732189643651824,0.1287699201380571
CONTROL103_DCHA,0.9939067953250473,0.16834035933003882,0.9468877734426251,0.1967986415042055,0.9493123182072203,0.07253422008041599
CONTROL103_IZDA,0.9971434660608796,0.23221616382763233,0.9312249076181676,0.08865798230942298,0.9326051511334853,0.14406545365622092
CONTROL104_DCHA,0.9623411334164841,0.16127755484133058,0.8121973333545077,0.13797900553352832,0.7316928192630398,0.06791475307939332
CONTROL104_IZDA,0.9964956587051881,0.18736462829177314,0.9149852091002476,0.042713983952785944,0.9285687001506728,0.18048549563514027
CONTROL105_DCHA,0.995419110745677,0.06510532985939321,0.9433297341414726,0.05464085558019116,0.9414241530424962,0.058955297098113535
CONTROL105_IZDA,0.9984118257828968,0.09677007615040847,0.995907185526887,0.04305657326990742,0.9953544527511969,0.11590958996026911
CONTROL106_DCHA,0.9816278661588941,0.15817785121999317,0.905028216258791,0.17215228497463164,0.8848145191863522,0.14470207108447147
CONTROL106_IZDA,0.9940765393556991,0.054357390363675206,0.6072165095447627,0.12167941565333823,0.6203882499539372,0.10864020885314236
CONTROL107_DCHA,0.9928656152914148,0.11140879975258253,0.959991169802686,0.16827101902931724,0.9538515570440459,0.06293088855105955
CONTROL107_IZDA,0.9933775504151048,0.15863259905821858,0.90202449785736,0.07825530150364479,0.8663679248979542,0.1051696342311057
CONTROL108_DCHA,0.995118297050904,0.04443495523020102,0.12987578925437945,0.8620403878936276,0.13985014006154514,0.8240552200303456
CONTROL108_IZDA,0.9841946285229297,0.1553329766878206,0.9618842230431803,0.07093089236920101,0.9707128824675196,0.08626864097707637
CONTROL109_DCHA,0.9954305643138283,0.09351889923987022,0.9936704856673022,0.04521296974930758,0.9923771182363138,0.05595419635851662
CONTROL109_IZDA,0.9851959671381213,0.0884680591533693,0.9902154825667493,0.045091266566297694,0.9768932178989035,0.0902266923170232
CONTROL10_DCHA,0.997017576876286,0.17682166360834606,0.5379688760948959,0.3438753841954466,0.5422912909768997,0.2413415129823342
CONTROL10_IZDA,0.9972147090912501,0.13089204467479532,0.9431502325248438,0.0883527406023833,0.9428997878074091,0.046732664174379
CONTROL110_DCHA,0.9981778131032011,0.1717695662417313,0.7199516592290555,0.13074008104279572,0.7162585532703816,0.07731096785695753
CONTROL110_IZDA,0.9978282357865845,0.17732208907828162,0.8315864197056161,0.047173964689036785,0.8210839064767643,0.1545851936160999
CONTROL11_DCHA,0.9968759812712912,0.08426516767196812,0.9795442979572522,0.04172380902853545,0.9806684185316576,0.06562275950005303
CONTROL11_IZDA,0.9988761795016906,0.14157313761808016,0.9087927339182157,0.05518492210367213,0.9097581739701366,0.12094362687005217
CONTROL12_DCHA,0.9986478943210393,0.23546628018102989,0.8300106162368893,0.10169007433324723,0.8347160356229743,0.17406555062945117
CONTROL12_IZDA,0.9979529726832898,0.178500437482066,0.8223079699941933,0.12510532292189044,0.8171685809028901,0.20955459971930823
CONTROL13_DCHA,0.997881310908109,0.08036103624177351,0.49081837640448667,0.1203287841295603,0.5063064174172658,0.16047097558502457
CONTROL13_IZDA,0.998664151899879,0.054752319595476606,0.9584028162704691,0.042970378783822066,0.9590534009163484,0.06281154145226642
CONTROL14_DCHA,0.9918662133313035,0.03989266505495316,0.5180694743971754,0.1717916575485089,0.505310866661753,0.15966982181590017
CONTROL14_IZDA,0.9974510219652263,0.05187602302166083,0.5222454669089256,0.35080399206586377,0.5295966771888032,0.34613320191585095
CONTROL15_DCHA,0.9962599460943643,0.25244238634701355,0.8934352356745119,0.07794232951382085,0.909520267884129,0.24481113224368578
CONTROL15_IZDA,0.9966832475935227,0.03351273571636107,0.6973440551190015,0.15840117165156736,0.7026011701342243,0.16216537192606229
CONTROL16_DCHA,0.9991305300698551,0.1861986535561213,0.9422603238297724,0.13082230429971198,0.9393339837878576,0.03751873636148295
CONTROL16_IZDA,0.9976201676247962,0.08679178910883462,0.9383483737726429,0.12965126869576937,0.9353409666015611,0.05345445672870447
CONTROL17_DCHA,0.998799459650482,0.307348038289607,0.9480876950138023,0.08114959482628185,0.9499039683020134,0.19989938865620727
CONTROL17_IZDA,0.9959957732221704,0.06351185752415922,0.9765182234630239,0.06636605550019314,0.9718081087881741,0.11660972606325448
CONTROL18_DCHA,0.9977332787312102,0.17753834173938576,0.9753961019906935,0.04243903644047278,0.9767469543740318,0.20941490189035766
CONTROL18_IZDA,0.9981841689138047,0.19788599311098792,0.8641574843721304,0.10935720191783838,0.865388301230381,0.08522674829953543
CONTROL19_DCHA,0.9966774186612548,0.05448622699085159,0.6235908582106682,0.23150511044466832,0.6181909978969236,0.20833152417025075
CONTROL20_DCHA,0.9959857780503284,0.12961008195329593,0.5928979033842355,0.09444632785959572,0.6023200512021282,0.12225624551931928
CONTROL20_IZDA,0.9962936204230549,0.09158285930425147,0.26764830628403996,0.24282432970273488,0.25001296805233564,0.22416955607838812
CONTROL21_DCHA,0.9974507361468004,0.22623954674446045,0.9607535435603091,0.06246034661865274,0.9586256660781136,0.21942121789875635
CONTROL21_IZDA,0.9990287406039718,0.15675254880869904,0.8325341027046556,0.06925757450776296,0.8282883929865527,0.18669662132134032
CONTROL22_DCHA,0.9924167433438635,0.14783114346543424,0.9201130013945099,0.1057152875220221,0.9372583092660697,0.06027861911577059
CONTROL22_IZDA,0.9983029706218589,0.07734480752034453,0.9829278747625427,0.04056923658645113,0.9831274702201775,0.0966879868425422
CONTROL23_DCHA,0.9973797376409399,0.12027992606684668,0.9805325735772433,0.059106447299495116,0.9834593654509955,0.06169705776097715
CONTROL23_IZDA,0.9955395155222139,0.11587266835410204,0.9949950815254747,0.048956257030818656,0.9897493334645059,0.06793914239076626
CONTROL24_DCHA,0.9930809695792798,0.17492462977399925,0.866122106700479,0.049866046685569154,0.8555795181005291,0.15155953639264763
CONTROL24_IZDA,0.9878838345020651,0.13538054528920784,0.8576373093135805,0.09315589652020467,0.8522364435421722,0.10080947584315947
CONTROL25_DCHA,0.9961940356936178,0.19523649244209307,0.983724686124033,0.040422708502750426,0.9827479756790721,0.20068825886415387
CONTROL25_IZDA,0.9973300564095784,0.17580043856020966,0.9935524869262122,0.04834176449529792,0.992426620478183,0.16212781811586807
CONTROL995_DCHA,0.9961659004970591,0.2848823584189617,0.8556585977864548,0.13333989441467692,0.8523889890520846,0.2365505345821325
CONTROL995_IZDA,0.9847824815158498,0.18547420384796065,0.5893089638106705,0.39668994853203754,0.5727056756706929,0.26791030504812036
CONTROL996_DCHA,0.9983224399632747,0.13472025021387413,0.7219559837123054,0.0745233255159192,0.7157583418957333,0.15004450083053605
CONTROL996_IZDA,0.9956058698081584,0.04448150958384267,0.6518376655398184,0.11765216653400155,0.6592997183199417,0.1339804799309131
CONTROL997_DCHA,0.9954927560271123,0.17793724094589647,0.8775041632762932,0.08776303890455087,0.8837441901317943,0.13008510406632784
CONTROL997_IZDA,0.9805994576868974,0.11220430988988628,0.48113993801659044,0.2524325777794584,0.4738537084757616,0.24746658707933145
CONTROL998_DCHA,0.9859674447594479,0.09734517051607561,0.9603552378158539,0.055809911966323816,0.9706689004768958,0.04400960041811787
CONTROL998_IZDA,0.9957977313565284,0.12132898665903596,0.9868813287271622,0.0954717496700267,0.9881453026614425,0.18164651244472857
CONTROL999_DCHA,0.9970083062647436,0.15648524869028835,0.9889168286398243,0.048077412967542754,0.9895828664894375,0.14143816372580287
CONTROL999_IZDA,0.9906473063562079,0.4395564166105179,0.6544881230670226,0.5791521569640465,0.6443194122582939,0.2366214046445767
ID01_DCHA,0.9948832780638868,0.17379023160495755,0.9459258029198246,0.07792823002100907,0.9510571579945367,0.0961795122053955
ID01_IZDA,0.9946211014295018,0.11977792077010299,0.9935257827309601,0.049690479546453004,0.9914750993393323,0.07278241488673626
ID08_DCHA,0.9941223835369237,0.1819096455202276,0.8292708856007546,0.11927881790867167,0.8522439006833492,0.10245532650267886
ID08_IZDA,0.9969136084940315,0.1538397488859672,0.9725399665725087,0.048729428614167736,0.9727856343929997,0.12408304415344706
ID1000_DCHA,0.9907969463487873,0.13215392205356458,0.9735826476138768,0.07670845574399232,0.9729020046396228,0.14872328713588
ID1000_IZDA,0.9907545881638022,0.2250325073101437,0.8233961510664746,0.15248854702962933,0.8106324219778056,0.31923319868381683
ID1001_DCHA,0.9178539615792054,0.23243443945636955,0.2002699524553729,0.3040414299142731,0.0850962543191343,0.33912480086800745
ID1001_IZDA,0.9757499492028002,0.12662446385319123,0.7974831239661088,0.18760163652243256,0.8165305615140854,0.14680013010294307
ID1002_DCHA,0.9966808416275101,0.22566360909977412,0.859263184552942,0.1882640240299867,0.857628296045319,0.12696027367226104
ID1002_IZDA,0.9903132137229838,0.15484712430691783,0.22283177740869675,0.5261904756799859,0.14034607790777343,0.37947722404396284
ID1003_DCHA,0.9953048165460066,0.016216884015582606,0.9797085620345596,0.033701489282148445,0.9812722683174925,0.030989827596567786
ID1003_IZDA,0.990490279488242,0.06201287002618516,0.9459946331908318,0.1046056865673497,0.9548925908756267,0.10185439365304005
ID1004_DCHA,0.9955923169130072,0.2230072943364252,0.10894062605679662,0.3559186946821102,0.10253083450837762,0.28829555979150034
ID1004_IZDA,0.9973085378638792,0.14664017482792036,0.9322061586633958,0.0345562572172709,0.9318470792391751,0.1363966631225546
ID101_DCHA,0.9850492063033527,0.21421635965237246,0.5827614006235756,0.5979451898937653,0.5673576999647933,0.4393924447894695
ID101_IZDA,0.9983056266456158,0.07306127826958342,0.9347196317368075,0.048355055865190566,0.9335409371414628,0.10508340050005593
ID102_DCHA,0.9963790488101725,0.09967384038614266,-0.28224391916917657,0.5753854822551059,-0.24836172317608052,0.46818800405261635
ID102_IZDA,0.9975085589993359,0.027079159508356362,0.9948079433033123,0.03996646636102241,0.9955876390593279,0.07411084253452505
ID103_DCHA,0.9966502700652113,0.24707152312014202,0.3703731348924436,0.24668711336299573,0.3895053373144286,0.2236765194653656
ID103_IZDA,0.9963684912495809,0.14875282269146856,0.9898027748215399,0.06449483214617163,0.9927722364335604,0.06850611919168847
ID104_DCHA,0.9962028096824183,0.1220181867369684,0.9491483795926164,0.055676162653217315,0.9467103966573684,0.07372076614477209
ID104_IZDA,0.9958434985061649,0.05971394932436247,0.9959816861835111,0.03047204036747405,0.9941464310972541,0.09097857692451072
ID105_DCHA,0.9989267154183241,0.04596327211739307,0.9923343061543695,0.04511442985356143,0.9929609192777026,0.05950338009457079
ID105_IZDA,0.9884152643320154,0.059742505891838396,0.7143762459672339,0.07005493862357992,0.7067180025070744,0.08672359937792085
ID106_DCHA,0.9920605400021724,0.13970999875466475,0.9642662307045863,0.10427099783079108,0.9750157020496388,0.042234418656646636
ID106_IZDA,0.9983713363649287,0.086323363306205,0.9949832403953504,0.08201705987756547,0.9937103024724953,0.027700040317020655
ID107_DCHA,0.9906284300092744,0.1660172332155121,0.8940390112001796,0.10235385746711517,0.8876533416090322,0.09573404025756393
ID107_IZDA,0.9948678381301429,0.0950758184766089,0.973310927799,0.044982305887474705,0.9772335720332874,0.05688213606174955
ID108_DCHA,0.9694429741412607,0.1271875073890481,0.8122455662813256,0.11222256768775712,0.8534093176734595,0.13813920345277797
ID108_IZDA,0.9952807259403543,0.0488423266515168,0.9688101053854088,0.08970940431591284,0.9750300195816937,0.12060992244446234
ID109_DCHA,0.9874509473912374,0.07130017281226635,0.970198675206869,0.13017003162435975,0.9742951859940123,0.09465550259439784
ID109_IZDA,0.9856889369554095,0.054646703886167325,0.9516133897402903,0.1041270418771568,0.9455474828383089,0.050285467425699004
ID110_DCHA,0.9970733455149378,0.04999011521597077,0.98906521379617,0.026712131831463204,0.9914517109666423,0.05236412290493339
ID110_IZDA,0.970019470115902,0.06921684867036443,0.9779267297602294,0.04922752252280857,0.9581623747401652,0.05830273449306074
ID111_DCHA,0.9970338244281752,0.11540679834417447,0.9822316999053059,0.09712798638174996,0.9842316617477188,0.07278122646791481
ID111_IZDA,0.9919465571934597,0.15594191716107925,0.5187002714153953,0.13374198985932648,0.537545359702374,0.1320440001013664
ID112_DCHA,0.9958522789366138,0.059475815170857316,0.9522221867418316,0.05645260292483334,0.9519844490618444,0.036646415986539393
ID112_IZDA,0.9971727452463041,0.06508232691042937,0.9411913183809291,0.07518566689193962,0.9399651822572294,0.04206529155000904
ID113_IZDA,0.7039265605481622,0.03609324006759987,0.7507886794920684,0.036654872114725706,0.6471205835210704,0.03985773947634891
ID114_DCHA,0.9851120338265698,0.1517009634508352,0.8811015965516875,0.20548003538332293,0.8874492346124763,0.059892833896125125
ID114_IZDA,0.9873999199118269,0.10110547589757668,0.9845875441704437,0.04511954548365163,0.994048814880548,0.05276497044490558
ID115_DCHA,0.9831084409679083,0.1449611177981152,0.9581929193378086,0.12067031267021691,0.9530208340401015,0.11568362457765702
ID115_IZDA,0.993643851641664,0.12129631968801294,0.9021715752829323,0.1417792933088191,0.9089236267575352,0.0814057698951461
ID116_DCHA,0.9253869163429493,0.03183563882043039,0.9231260266148661,0.13456672207861814,0.9927466733440177,0.15503971659592797
ID116_IZDA,0.9862105291168572,0.25109868707343097,0.5923662235846298,0.2238119590512016,0.558464156863035,0.1918653086729078
ID117_DCHA,0.9934361775408154,0.12962932478325206,0.21627458181991652,0.24909422696695266,0.2244169191333071,0.1517965942646921
ID117_IZDA,0.996935550767778,0.060412199134960654,0.9863865757126221,0.04382190377870643,0.9834018261923239,0.07864146320097976
ID118_DCHA,0.9884171127675949,0.07289391068731971,0.743895617095957,0.09227766037645227,0.7517726014275722,0.14851182727135656
ID118_IZDA,0.9950260523037767,0.11318401670512634,0.663763963511357,0.13970680768444216,0.6718661192854188,0.0772670784627284
ID119_DCHA,0.9968893895499967,0.2479314273825779,0.40998066758244506,0.08736011486640141,0.4079543274402224,0.20017204755009743
ID119_IZDA,0.9023751891972193,0.3178253549409521,0.07558135540884288,0.4290827260651313,0.24360688788115364,0.16619538975438797
ID11_DCHA,0.9932595471131019,0.10056864756329831,0.9767930929164176,0.10311218160192048,0.9721519238501455,0.0384508581355566
ID11_IZDA,0.9965036291497946,0.08000840081400418,0.994835748026244,0.05455181298772723,0.9978469146434511,0.03410665575087464
ID120_DCHA,0.9882169160698971,0.178638681307495,0.8010222600651087,0.1574700975226616,0.802951151381348,0.16884193294026872
ID120_IZDA,0.996479409833413,0.1720103192912672,0.9959871915374462,0.05393291085317207,0.9957842074969934,0.10161587853780657
ID121_DCHA,0.9971830801841443,0.5038646972110614,0.9533805339901236,0.1987291200472594,0.9539921009424565,0.24746576426088174
ID121_IZDA,0.9956726783940802,0.19070846697097488,0.5742381001018713,0.18272920876808785,0.5920655572169716,0.1476149314973857
ID122_DCHA,0.9921207654434695,0.08477467774585867,0.9889271449848281,0.03734925206497974,0.9935807474840777,0.09015266444698761
ID122_IZDA,0.9950072621583018,0.06857713851391811,0.9629865507409398,0.07564102261768982,0.9626377282122962,0.044445378202103585
ID123_DCHA,0.9969452403322289,0.15521289404889793,0.9649652194124078,0.08728398201652676,0.9669130023445272,0.24160157960889772
ID123_IZDA,0.9819566054892684,0.23086511508475466,0.9868912760206039,0.1478521038904721,0.9688130025858543,0.0854690285430712
ID124_DCHA,0.9958745253697806,0.04317553637855863,0.9913252327719956,0.03796462358642521,0.9906316331399346,0.029674546455661532
ID124_IZDA,0.9896458099677552,0.08382045007345817,0.9853804754309811,0.07791729352417881,0.9810384291136388,0.16042189261377626
ID125_DCHA,0.9927707122302225,0.07505154500776572,0.8803847665625001,0.0351763066024725,0.8845756797744572,0.07056980628213155
ID125_IZDA,0.994624843252587,0.0241905282162742,0.9838546732714848,0.04424582518469698,0.9819279865979159,0.05130410497322736
ID126_DCHA,0.9423930177884201,0.09173873010665112,0.8368838921404612,0.09382016300442367,0.8482354640932469,0.042963454177011556
ID126_IZDA,0.9925191907192888,0.15951230542266964,0.6596332497588815,0.140451936280369,0.6487227710989442,0.15815314953825077
ID127_DCHA,0.994289179884194,0.20234387779263652,0.7805108986027888,0.10483695811610205,0.8007211927402237,0.21520581567063352
ID127_IZDA,0.9619293910813697,0.1456499860527578,0.47241157235095,0.12261452963076876,0.5272315905485399,0.11868012408119344
ID22_DCHA,0.9960319030211673,0.10621971623271731,0.7774350899945579,0.12965564236858795,0.7692709647982552,0.042377946051732486
ID22_IZDA,0.994795785108306,0.2941597484686811,0.968135152363493,0.06793173399838554,0.9702940732478211,0.24758023217990432
ID23_DCHA,0.9934506759791927,0.08097109341622401,0.9938730455084116,0.09590927402388161,0.9870783413335851,0.04358794362611307
ID23_IZDA,0.994162765131729,0.15582802451079752,0.9831226822182678,0.0921979975087325,0.9921813633164468,0.058660817574748614
ID25_DCHA,0.9869550166926557,0.04002978799327955,0.9747291284703348,0.122606854670058,0.9808502741731105,0.0851974756279355
ID25_IZDA,0.9826517905210596,0.02422818242274205,0.96272130667596,0.03257995351817358,0.9523660272629723,0.0236650309554957
ID26_DCHA,0.9960631770710334,0.09595451724275578,0.9305032999839737,0.09479097653098723,0.9312326167608438,0.04948065269072155
ID26_IZDA,0.9958760511312876,0.06102858614861402,0.6951796225866731,0.15206319104196986,0.7131345376615144,0.2078707595356344
ID27_DCHA,0.998714325435865,0.019077442552957555,0.631038531815149,0.12777418466419888,0.6334943561600789,0.12488482016810101
ID27_IZDA,0.995042168354094,0.03604241249036777,0.9946115060716627,0.04526669143909523,0.9960848912215177,0.03671686382902006
ID29_DCHA,0.9956429441357063,0.06611324641151989,0.9946634584175928,0.042042214316128534,0.994836607361503,0.04056444093558487
ID29_IZDA,0.9985533644920399,0.21893484719246292,0.9969366537946055,0.09988549618913922,0.9975651844105294,0.0877451988055189
ID30_DCHA,0.9907884385933798,0.19127063667735078,0.8744401726826069,0.12418289406442679,0.8839472342162819,0.18997215572722026
ID30_IZDA,0.9962607409419608,0.11353428336091387,0.9785361457489702,0.04116716671856703,0.9821888457965232,0.0767848902070935
ID32_DCHA,0.9963138523739032,0.2132073914253627,0.8907378164091666,0.14461033416099833,0.8945499138150126,0.1382457807503077
ID32_IZDA,0.9975309367824413,0.05019982439180737,0.9659317404706156,0.0699242867436598,0.9661035877891225,0.11859754536854661
ID36_DCHA,0.9993253449063763,0.016359493923724877,0.995101166024729,0.03261592223027296,0.9946466496479852,0.04315261223625147
ID36_IZDA,0.9982604253388185,0.12299782405816984,0.9250470216280188,0.0908628512574422,0.9244168074120526,0.08684128082534714
ID40_DCHA,0.9945962732187239,0.05804132697879291,0.9837024446548633,0.06267299737383912,0.9853325026368539,0.02905240344593596
ID40_IZDA,0.9868970590902927,0.10804762753129488,0.9786694570040347,0.06937021664961268,0.9879286877120327,0.0396512090084537
ID43_DCHA,0.9850333495934427,0.07282330557619678,0.9462225279558842,0.05374414673286124,0.9530251639873913,0.04219892494562186
ID43_IZDA,0.9926787466187729,0.038885526312539644,0.81078376258797,0.09291996117967002,0.820928545045967,0.07983265285514257
ID44_DCHA,0.9951486336884978,0.09454230853211754,0.8468308312421159,0.08016953044132422,0.8434634595781876,0.08815462413805111
ID44_IZDA,0.9879866709281137,0.05386351959151331,0.901527616540121,0.1554313455761315,0.9145113130003112,0.11956817751429027
ID50_DCHA,0.9958524078568711,0.07613482691829214,0.9910197109619249,0.06834166520362189,0.9925364812674657,0.05002725052274218
ID50_IZDA,0.9978513064342572,0.03228394254447586,0.6402241606151297,0.0895716795892663,0.637050229885596,0.0873951172536912
ID981_DCHA,0.9949530069224863,0.09133852475390383,0.9762551222329052,0.09069119149759797,0.9743647199988397,0.043374102217332844
ID981_IZDA,0.9727290031261374,0.06436439887068754,0.9410706127734884,0.04780516271611629,0.966574255588798,0.05262955666475702
ID982_DCHA,0.9701512485046757,0.17734359433739816,0.8935866522286365,0.09350973287808706,0.9139044971813782,0.12123131475054982
ID982_IZDA,0.9819995733138067,0.09539471420584567,0.9273042370827881,0.09226179444223237,0.9258474814597246,0.08012721467076112
ID983_DCHA,0.9905764737252615,0.08469438302369824,0.330899708959812,0.1731086873867959,0.32589653941749513,0.10878847416820027
ID983_IZDA,0.9854905571826857,0.12407054821405453,0.6042216489660084,0.12223387672531213,0.6201307583778334,0.10515922684996983
ID984_DCHA,0.9922255466953225,0.060185737577441056,0.9838042020628579,0.11038294295124151,0.9840387134546591,0.04394834814974469
ID984_IZDA,0.982493111325482,0.07090960374713182,0.3890335555998251,0.1121828496823342,0.3833200847444482,0.08622646694171607
ID985_DCHA,0.973350469603789,0.35444751546029374,0.8207808418999769,0.09368497905585738,0.8109914682849415,0.28339791387747904
ID985_IZDA,0.9959335110454719,0.23251017594836754,0.9805050042527895,0.05408948180111944,0.9766015361191693,0.15252963411367548
ID986_DCHA,0.9895056108203227,0.13205786390136387,0.8204307717664256,0.13491538267892977,0.8353629265695336,0.06963824750050596
ID986_IZDA,0.8830834371039601,0.1688146814205962,0.8701736238798466,0.05797730491906061,0.7636325764255852,0.20192553350971854
ID987_DCHA,0.9969645054891539,0.11751845570120589,0.9912008512937031,0.05030896551495134,0.9921830998907084,0.0889043703583261
ID987_IZDA,0.994201753832247,0.06162018016884241,0.8436593707604365,0.11243914076218342,0.8349871066065004,0.08461127062416607
ID988_DCHA,0.8950537973583659,0.2701531070201687,0.8899006231398082,0.3085663760020019,0.9057931753980968,0.11647073091869098
ID988_IZDA,0.9750935806329004,0.04900000975296026,0.8118301499842817,0.04794225078802526,0.8114646128130667,0.07321568121662154
ID989_DCHA,0.9792108673996708,0.20240471968307583,-0.020563391417423908,0.3662657032672647,-0.010900304841516186,0.22346700393116342
ID989_IZDA,0.9734562517032124,0.14348133326095636,0.7863234533888975,0.13790920511651042,0.7579539336589438,0.17120771387829256
ID990_DCHA,0.9982825475971135,0.09099873210572557,0.9924347982775445,0.06011586647778888,0.9899198860588688,0.028534762566888083
ID990_IZDA,0.9970266085701381,0.04005072231409029,0.9206456949910284,0.06356108504505087,0.9282264247624253,0.08372845246228389
ID991_DCHA,0.9919683148575235,0.09996018224944192,0.993377142357866,0.03501060870952488,0.9887912731988544,0.11346909405414163
ID991_IZDA,0.9930206928852754,0.3819782845614049,0.8787892390595954,0.28271387981353213,0.8851548032434277,0.09502163599476954
ID992_DCHA,0.9963710011615423,0.031527340431794365,0.8737214422075742,0.05816956327739675,0.863830959088968,0.07951125517503266
ID992_IZDA,0.9911433922820304,0.338069559728329,0.4730767619798391,0.50930630286714,0.5008940539056138,0.2647591934770076
ID993_DCHA,0.9966978854973262,0.16081472502675753,0.9428630580302044,0.1241939989603591,0.9548204032532002,0.06436223483414866
ID993_IZDA,0.9354190584371473,0.11864649630587965,0.9621666544785049,0.053737484595085226,0.9176146452462365,0.17087998748047115
ID994_DCHA,0.9984130640624184,0.12971782359962503,0.8835362156891291,0.09989924848218323,0.8793073740079559,0.05331532668995126
ID994_IZDA,0.9711295758992093,0.1321160490990343,0.9024971050290916,0.24208779727930774,0.9364088261254769,0.13007721476089973
ID995_DCHA,0.9869326993084163,0.4210016887265231,0.4352098287954,0.4564220353978701,0.4545955685789226,0.18564967862922455
ID995_IZDA,0.9560456708190956,0.4035097699633467,0.13714224427656974,0.46832549890047503,0.1450105295706216,0.3190887984798977
ID996_DCHA,0.9963532103286895,0.12053392989492605,0.9053958157058632,0.12724369967152122,0.9004510798338362,0.05188322825412911
ID996_IZDA,0.989701541960639,0.10078224495943217,0.7962117676164012,0.1525097919328315,0.7891358603566089,0.11949021670233151
ID997_DCHA,0.9885181497934595,0.153938548044905,0.9092449494963918,0.04605154352981268,0.9006632499911078,0.11112546336508877
ID997_IZDA,0.9457250941672659,0.1723717286777825,0.8334738516065463,0.18086155388407216,0.8424164102680582,0.11739826979599662
ID998_DCHA,0.9963374197039061,0.09321718829527548,0.9707012822061617,0.03786837217870995,0.9731108958589765,0.09057892082113872
ID998_IZDA,0.9962560626173816,0.0943377060676362,0.7444979275777068,0.09456295425454114,0.7374494969981045,0.1282412536821005
ID9992_DCHA,0.9839993111213798,0.19701885132886615,0.9495056305282805,0.08992835880456951,0.9269036774168513,0.09192141413235741
ID9992_IZDA,0.9969006145955857,0.034501105260665105,0.9911309526583959,0.04133459322939957,0.9937539038016389,0.033029730407218794
ID9993_DCHA,0.9948542107009125,0.03913712947590901,0.855707608310277,0.08351728730859499,0.8631687039510463,0.07346788612397076
ID9993_IZDA,0.9923493135053928,0.1302271349916828,0.8908185820145131,0.060802382418288614,0.8964399698192892,0.12726646610126535
ID9994_DCHA,0.9987523148314619,0.07455413858115906,0.9959959930704786,0.053725921661342185,0.9964680104455309,0.03036456097932899
ID9994_IZDA,0.9971876420687756,0.06109439797081402,0.9937038490851636,0.035137657524713206,0.99751436459559,0.046318118947165796
ID9995_DCHA,0.9982049461052273,0.0952870156496246,0.9963991828328816,0.050214169314729454,0.9961547823126563,0.059524995740222714
ID9995_IZDA,0.9966509295216065,0.052844483716626506,0.993469424551267,0.0546025222655665,0.9919872536947445,0.09808665448309006
ID9996_DCHA,0.9966613847827073,0.04111583476629828,0.9941680666923208,0.02776972919664633,0.9943563185246453,0.07744425553833789
ID9996_IZDA,0.9936846996284,0.07748084219508311,0.991872060291714,0.04063858091542444,0.9943144927986598,0.04152363805424564
ID9997_DCHA,0.9870132158032691,0.08563359664472789,0.9595850850106089,0.06526807083207575,0.9758882507830828,0.024562248307906043
ID9997_IZDA,0.9385627273330266,0.1104728764798869,0.8929546432416787,0.06869949413183507,0.8736750121522203,0.03712704132823236
ID9998_DCHA,0.9966009528901942,0.15903163412816845,0.7650474318584344,0.17563949952322894,0.76476118330706,0.05995608931693579
ID9998_IZDA,0.9771005966706399,0.3720474566402424,0.8482395282668436,0.15266282348902083,0.8089496249140582,0.2266888396134099
ID9999_DCHA,0.9858871255296322,0.15803066762459228,0.9755163112506174,0.07564662558979773,0.9837968971714418,0.07943460917480805
ID9999_IZDA,0.9796994798778005,0.09032839546733923,0.9066199270906071,0.07243440280882385,0.8666046796712652,0.06413890130895655
ID999_DCHA,0.9869836849940001,0.22830855411682988,0.9888810128872232,0.06780604726116025,0.993341691307459,0.1839501497407961
ID999_IZDA,0.9959535223985437,0.15290388070783256,0.798601681427119,0.0926103720540773,0.8007203824585519,0.15491368219702423
